{"cameraMode":{"drawMode":0,"name":"Shaded","section":"Shading Mode"},"sceneLighting":true,"audioPlay":false,"sceneViewState":{"m_AlwaysRefresh":false,"showFog":true,"showSkybox":true,"showFlares":true,"showImageEffects":true,"showParticleSystems":true,"showVisualEffectGraphs":true,"m_FxEnabled":true},"in2DMode":false,"pivot":{"x":17.27755355834961,"y":26.805103302001954,"z":23.300317764282228},"rotation":{"x":-0.11962519586086273,"y":0.21737031638622285,"z":-0.02689475193619728,"w":-0.9683854579925537},"size":45.289608001708987,"orthographic":false}